UserName,Password
User1,Password1
User2,Password2
User3,Password3
User4,Password4
User5,Password5
User6,Password6
User7,Password7
User8,Password8
User9,Password9
User10,Password10
User11,Password11
User12,Password12
User13,Password13
User14,Password14
User15,Password15
User16,Password16
User17,Password17
User18,Password18
User19,Password19
User20,Password20
User21,Password21
User22,Password22
User23,Password23
User24,Password24
User25,Password25
User26,Password26
User27,Password27
User28,Password28
User29,Password29
User30,Password30
